CustomerID,Age,AnnualIncome,SpendingScore,Gender
1,51,38150,21,Female
2,72,59858,92,Male
3,45,46075,99,Female
4,27,30180,86,Male
5,61,25508,23,Female
6,28,59292,64,Female
7,33,27398,67,Male
8,60,51746,40,Female
9,34,56269,10,Female
10,37,34369,89,Female
11,27,63661,52,Female
12,29,24333,72,Male
13,43,53146,75,Female
14,49,47487,61,Female
15,58,45415,64,Male
16,36,31731,5,Female
17,21,36844,53,Female
18,41,73182,55,Female
19,15,69727,37,Female
20,44,59731,56,Male
21,56,61497,59,Female
22,47,60990,93,Male
23,50,43149,69,Female
24,16,52114,73,Female
25,38,27112,59,Female
26,47,46954,2,Male
27,31,67651,65,Female
28,38,39289,60,Female
29,57,62647,51,Male
30,40,50373,30,Male
31,69,25319,11,Male
32,42,32190,92,Male
33,63,60489,76,Female
34,49,56387,39,Female
35,35,51026,90,Female
36,31,45789,77,Female
37,68,49358,72,Male
38,63,59904,63,Female
39,62,68937,64,Female
40,66,69255,61,Female
41,24,56179,54,Female
42,56,44821,92,Male
43,65,48693,94,Female
44,19,58931,73,Female
45,37,57071,95,Female
46,22,70419,58,Male
47,54,79336,85,Male
48,30,46921,56,Female
49,24,82938,34,Female
50,42,66383,31,Female
51,33,48187,52,Male
52,65,68978,89,Female
53,29,75384,76,Female
54,39,42195,1,Female
55,22,76783,55,Male
56,36,65526,22,Female
57,45,84028,40,Female
58,61,40539,1,Male
59,22,45498,65,Male
60,61,16500,63,Female
61,26,58967,54,Male
62,59,52728,42,Female
63,53,39255,21,Male
64,26,49172,79,Male
65,33,30031,81,Female
66,53,65676,22,Female
67,63,39354,38,Female
68,61,93310,99,Male
69,24,47965,80,Female
70,23,39305,8,Female
71,23,44515,62,Female
72,60,25820,47,Female
73,25,57734,17,Female
74,48,41901,17,Male
75,39,66068,90,Female
76,38,45078,13,Female
77,63,67466,17,Male
78,49,59461,38,Female
79,31,50328,81,Female
80,55,71203,78,Female
81,31,64184,45,Female
82,51,92093,6,Female
83,63,40558,35,Male
84,28,51349,14,Male
85,21,74430,72,Male
86,30,26846,61,Female
87,44,68354,15,Male
88,60,53589,54,Female
89,35,36176,27,Female
90,35,29054,13,Female
91,60,36912,31,Male
92,35,15227,35,Male
93,68,38856,60,Male
94,41,58238,6,Female
95,40,41855,69,Male
96,41,69724,86,Female
97,59,71999,58,Male
98,53,66834,49,Male
99,47,51759,23,Female
100,30,15129,89,Female
101,63,36144,34,Male
102,15,49369,26,Male
103,41,35491,47,Male
104,23,48607,5,Female
105,22,74951,90,Female
106,45,23813,20,Male
107,14,78775,6,Male
108,59,60370,70,Female
109,23,54723,59,Male
110,39,38395,64,Female
111,28,37090,18,Female
112,64,22206,4,Female
113,34,75351,17,Female
114,26,73464,14,Female
115,56,26305,78,Female
116,49,39810,13,Male
117,52,54297,7,Female
118,18,46707,44,Female
119,61,18119,15,Male
120,55,37633,19,Female
121,54,76865,63,Male
122,46,39550,35,Female
123,20,48547,81,Male
124,26,33222,35,Male
125,29,58916,19,Female
126,26,52127,20,Female
127,54,36469,100,Female
128,47,28730,35,Female
129,62,67868,32,Male
130,39,25016,48,Male
131,42,56357,44,Male
132,56,15091,24,Female
133,53,58308,61,Male
134,64,61154,17,Female
135,56,63821,71,Female
136,43,46281,50,Male
137,41,72660,65,Female
138,52,82416,99,Male
139,17,46475,32,Female
140,50,41234,36,Male
141,50,50237,13,Female
142,65,39334,70,Male
143,30,40641,58,Male
144,18,43148,14,Female
145,20,76736,37,Female
146,25,62078,79,Male
147,46,41185,68,Female
148,28,13373,40,Female
149,53,24533,59,Female
150,43,56251,80,Male
151,25,18676,92,Male
152,36,53794,16,Female
153,28,34216,62,Female
154,38,50577,4,Male
155,61,47857,45,Female
156,27,52108,90,Male
157,63,40783,28,Female
158,44,42190,96,Female
159,52,36988,66,Female
160,66,53658,31,Male
161,69,58177,3,Male
162,46,30115,8,Male
163,19,50325,24,Male
164,43,51648,15,Female
165,50,50756,43,Female
166,41,51401,31,Male
167,51,41869,73,Female
168,63,50885,45,Female
169,27,59570,66,Male
170,60,49115,8,Female
171,43,56289,71,Female
172,55,62355,57,Male
173,30,22235,80,Female
174,45,62651,99,Female
175,26,55536,30,Female
176,67,29625,74,Male
177,41,60937,18,Male
178,47,42325,69,Female
179,19,47170,93,Female
180,55,39884,39,Female
181,64,51135,60,Male
182,23,38919,98,Male
183,45,62022,43,Male
184,47,46217,45,Female
185,56,41936,23,Female
186,57,58593,69,Female
187,40,44206,94,Female
188,49,62322,6,Female
189,29,64793,56,Male
190,46,28377,4,Female
191,41,65538,93,Female
192,52,25869,23,Female
193,50,65573,6,Male
194,22,81225,32,Female
195,41,62022,18,Male
196,67,13945,15,Male
197,34,65553,40,Male
198,54,81291,96,Male
199,16,46854,73,Male
200,58,46679,74,Female
201,25,32672,84,Female
202,29,54781,6,Male
203,44,67637,63,Male
204,25,60966,67,Male
205,56,94529,11,Female
206,48,48695,43,Female
207,66,21939,17,Male
208,58,49764,96,Female
209,56,11153,4,Female
210,36,41403,63,Male
211,28,74565,68,Male
212,51,52777,81,Female
213,50,50691,41,Female
214,45,75811,83,Female
215,61,42841,5,Male
216,68,65127,32,Male
217,62,48739,86,Male
218,67,52000,70,Female
219,71,27640,35,Female
220,30,42769,22,Male
221,57,26337,65,Female
222,18,49771,84,Male
223,16,57256,22,Female
224,66,29749,11,Male
225,52,78537,77,Female
226,70,50171,3,Female
227,30,50866,9,Male
228,69,57644,60,Male
229,20,38566,76,Male
230,19,53552,87,Male
231,44,37847,14,Male
232,37,72680,97,Female
233,58,31320,18,Male
234,53,48647,73,Male
235,48,53139,23,Male
236,15,57422,74,Male
237,38,40481,83,Male
238,16,37967,47,Female
239,62,38298,69,Male
240,44,56524,47,Male
241,50,45842,87,Male
242,24,62543,30,Female
243,45,55655,25,Female
244,25,16346,28,Male
245,25,54212,98,Male
246,38,82956,25,Female
247,58,67079,74,Female
248,38,55530,78,Female
249,18,35309,58,Male
250,72,52963,94,Male
251,55,58596,41,Female
252,26,46593,25,Male
253,37,54051,78,Female
254,31,72544,99,Female
255,62,33940,48,Female
256,34,33725,98,Male
257,51,58290,10,Female
258,28,57063,99,Female
259,27,65732,75,Male
260,31,58446,11,Female
261,43,40183,85,Male
262,17,57782,21,Female
263,36,32268,86,Male
264,48,44445,45,Female
265,40,56541,7,Female
266,40,43592,81,Female
267,20,88020,64,Female
268,33,21317,64,Female
269,36,41187,2,Male
270,52,33733,76,Male
271,20,40494,42,Female
272,65,36855,82,Female
273,58,27303,54,Female
274,50,59290,75,Male
275,59,38893,16,Male
276,52,50253,18,Female
277,38,42677,99,Male
278,53,37336,59,Female
279,13,76784,90,Female
280,32,63643,16,Female
281,41,20876,6,Male
282,43,19087,57,Female
283,69,61739,47,Female
284,39,41302,48,Female
285,48,23463,42,Male
286,42,64486,76,Male
287,59,49636,60,Male
288,54,51373,77,Female
289,21,63043,4,Male
290,28,30550,2,Female
291,41,24427,90,Male
292,60,70714,59,Female
293,71,24342,27,Male
294,65,28166,27,Female
295,14,36263,79,Male
296,20,82199,72,Male
297,68,53600,7,Male
298,33,64181,63,Female
299,18,54142,46,Male
300,57,38271,63,Male
301,51,57369,12,Male
302,27,26950,13,Male
303,55,31070,43,Female
304,48,59194,17,Male
305,37,28941,63,Female
306,64,43763,81,Female
307,33,47547,36,Female
308,18,43270,85,Female
309,33,20433,8,Male
310,44,39166,69,Female
311,47,35925,90,Female
312,42,51221,80,Female
313,71,47557,36,Female
314,24,56269,28,Male
315,66,36260,93,Male
316,27,58141,47,Female
317,54,24259,76,Female
318,52,20471,30,Female
319,52,12766,23,Male
320,37,41810,16,Male
321,54,36300,14,Male
322,65,58339,74,Male
323,41,39170,71,Male
324,54,51700,52,Female
325,38,61399,37,Male
326,41,38605,29,Male
327,30,54470,67,Female
328,61,61928,15,Male
329,35,30927,100,Male
330,22,51172,47,Male
331,47,38069,46,Female
332,28,32582,52,Male
333,57,24253,19,Female
334,57,29440,77,Female
335,49,49000,21,Male
336,20,26837,64,Male
337,54,39339,37,Male
338,31,62097,27,Male
339,40,55735,55,Female
340,62,38842,29,Male
341,40,74345,20,Female
342,20,79395,25,Female
343,22,51191,70,Female
344,23,13671,63,Female
345,36,62696,36,Female
346,54,13190,2,Male
347,68,68342,22,Female
348,24,66853,96,Female
349,71,72513,16,Male
350,36,53303,18,Male
351,43,43279,69,Female
352,66,39648,54,Female
353,42,40606,100,Male
354,50,62716,30,Female
355,58,57884,45,Male
356,62,48603,19,Male
357,66,35567,87,Female
358,26,89838,34,Male
359,43,62385,13,Female
360,48,24234,43,Female
361,52,40056,62,Female
362,40,62976,93,Male
363,49,36106,100,Female
364,45,53773,22,Male
365,47,62561,52,Female
366,64,10000,52,Female
367,48,46579,36,Male
368,24,49568,73,Female
369,62,40618,19,Female
370,34,54125,38,Male
371,21,60762,70,Male
372,53,49830,79,Male
373,64,40992,57,Female
374,32,59289,20,Male
375,62,47535,9,Male
376,45,45039,32,Female
377,49,28415,4,Male
378,41,25460,50,Female
379,67,26331,82,Female
380,24,54774,5,Male
381,53,46513,20,Female
382,59,24895,87,Male
383,55,57188,75,Male
384,45,69114,37,Male
385,50,39022,22,Male
386,68,20085,58,Female
387,66,35763,68,Female
388,51,60716,93,Male
389,48,56427,44,Male
390,51,34063,34,Female
391,70,68817,77,Male
392,36,69624,42,Female
393,52,36804,9,Male
394,42,37650,95,Female
395,45,39607,7,Female
396,16,43790,68,Female
397,31,64158,19,Male
398,44,54979,94,Male
399,54,60756,31,Male
400,46,58503,35,Male
401,24,76317,57,Male
402,56,31509,85,Female
403,66,52105,61,Female
404,42,16192,31,Female
405,69,26345,83,Female
406,52,46677,95,Female
407,65,52773,53,Female
408,38,47672,32,Female
409,39,40592,66,Male
410,23,44858,59,Female
411,44,69141,10,Male
412,58,41439,2,Female
413,22,77038,66,Female
414,40,60910,60,Male
415,31,56763,88,Female
416,58,29296,17,Male
417,51,61928,96,Female
418,26,42993,16,Male
419,57,29383,16,Female
420,66,54092,46,Male
421,55,26680,39,Male
422,47,36866,31,Female
423,55,47348,88,Female
424,43,81976,1,Male
425,54,37296,11,Female
426,62,39926,85,Male
427,40,59985,4,Female
428,36,30825,71,Male
429,25,57142,26,Female
430,28,68288,50,Male
431,55,42893,12,Female
432,63,62092,95,Male
433,41,53271,81,Male
434,13,40739,97,Female
435,21,47932,75,Female
436,61,41203,92,Male
437,28,48885,96,Male
438,28,52490,65,Male
439,31,58722,47,Male
440,70,53630,92,Female
441,42,12324,53,Male
442,32,48340,71,Male
443,45,25858,2,Male
444,50,43864,24,Female
445,22,48943,4,Male
446,47,62942,19,Female
447,44,48148,26,Female
448,40,52888,75,Female
449,63,58595,40,Female
450,45,66916,50,Female
451,40,47154,43,Female
452,43,50112,75,Female
453,69,46250,67,Male
454,70,37861,12,Male
455,55,35963,67,Female
456,23,16621,27,Male
457,36,33250,54,Male
458,58,20520,66,Female
459,51,66727,49,Male
460,46,51226,16,Female
461,25,48610,2,Male
462,63,35937,60,Female
463,61,47346,54,Female
464,25,37780,30,Male
465,55,50110,84,Male
466,17,54986,38,Female
467,25,37579,28,Female
468,65,33293,25,Female
469,53,62132,96,Male
470,67,45507,10,Male
471,47,36584,60,Male
472,68,40642,42,Male
473,54,32441,40,Female
474,60,45992,97,Female
475,68,58674,77,Female
476,33,49284,42,Female
477,28,85654,47,Male
478,66,52720,37,Female
479,60,50449,80,Female
480,50,34375,22,Male
481,40,45421,57,Male
482,34,37914,84,Female
483,36,16915,27,Male
484,47,62913,41,Female
485,41,41228,80,Male
486,51,36493,34,Male
487,44,51758,32,Female
488,39,56787,90,Male
489,22,45988,89,Female
490,25,50460,66,Male
491,18,62392,12,Male
492,20,45597,40,Male
493,59,51635,73,Male
494,51,23011,76,Male
495,45,29880,90,Female
496,61,55983,73,Male
497,43,29296,10,Female
498,61,50412,96,Male
499,57,45095,98,Female
500,18,45732,48,Male
501,34,37173,20,Female
502,58,60840,39,Female
503,23,76648,60,Male
504,39,53602,66,Male
505,49,52937,65,Male
506,17,41065,51,Female
507,29,32158,36,Female
508,41,48303,24,Male
509,29,35493,27,Male
510,63,20110,2,Female
511,49,60151,31,Female
512,43,61482,57,Male
513,43,35817,78,Female
514,29,53759,66,Male
515,41,63929,29,Male
516,17,54375,15,Male
517,62,28902,12,Female
518,67,42806,28,Female
519,51,67802,84,Female
520,63,50405,24,Female
521,69,54186,21,Male
522,25,55624,10,Female
523,25,37667,78,Male
524,31,40587,18,Male
525,42,53882,88,Male
526,38,61453,14,Female
527,67,62798,34,Male
528,40,36128,58,Male
529,56,53896,76,Female
530,52,65605,22,Male
531,52,32993,70,Female
532,44,70901,36,Female
533,51,72484,45,Female
534,36,88776,36,Male
535,26,53864,22,Female
536,19,54646,78,Female
537,50,60404,80,Female
538,51,59867,61,Female
539,71,62795,100,Male
540,44,60360,56,Female
541,25,48909,89,Male
542,37,67629,96,Female
543,44,32531,33,Male
544,13,51787,45,Female
545,26,73856,36,Male
546,63,27946,20,Female
547,22,40637,18,Male
548,28,60276,38,Male
549,36,55308,67,Male
550,31,36774,23,Female
551,18,44957,96,Male
552,65,28788,16,Male
553,43,63407,59,Male
554,51,44061,69,Male
555,45,75382,68,Female
556,40,50216,21,Male
557,42,45503,78,Male
558,33,44947,95,Male
559,62,43137,78,Female
560,53,49362,70,Male
561,45,86186,12,Male
562,51,42817,16,Male
563,72,41204,81,Male
564,62,47783,87,Female
565,57,63654,14,Male
566,26,29085,61,Male
567,18,58026,71,Female
568,16,39138,46,Female
569,53,55999,32,Female
570,58,39793,15,Male
571,24,16038,44,Female
572,64,52143,17,Male
573,60,52417,41,Female
574,47,39613,54,Male
575,32,40224,44,Female
576,24,30929,98,Male
577,44,60196,5,Female
578,64,59833,27,Male
579,15,38314,87,Male
580,69,38000,78,Male
581,70,45050,79,Male
582,48,82262,43,Male
583,41,57076,97,Male
584,32,35648,31,Male
585,39,53656,99,Male
586,26,29749,17,Female
587,45,59269,92,Male
588,38,74333,83,Male
589,26,75596,54,Female
590,40,60023,62,Male
591,52,39048,87,Female
592,68,26686,32,Male
593,60,25996,40,Female
594,23,10000,13,Female
595,17,61707,84,Male
596,70,44457,35,Female
597,64,60238,5,Male
598,28,71620,73,Male
599,50,49498,29,Male
600,54,49789,70,Male
601,45,41535,25,Female
602,39,43908,95,Male
603,50,58927,22,Female
604,27,47684,66,Female
605,55,42714,45,Male
606,22,50525,69,Male
607,38,62494,91,Male
608,50,37610,89,Male
609,70,45002,72,Female
610,52,51479,1,Male
611,60,64403,84,Female
612,56,43810,44,Male
613,34,38832,87,Male
614,67,39034,96,Male
615,59,62895,75,Male
616,52,78299,39,Female
617,36,29693,54,Female
618,35,33070,88,Male
619,46,45868,75,Female
620,54,49264,29,Female
621,25,62304,54,Male
622,70,32633,90,Male
623,25,34553,16,Female
624,35,51571,99,Female
625,41,45023,20,Female
626,50,61900,46,Female
627,53,55010,67,Male
628,45,56830,65,Male
629,31,48332,58,Female
630,62,82133,53,Male
631,40,36433,1,Female
632,60,56162,81,Female
633,43,29654,66,Male
634,37,33197,29,Female
635,29,40989,84,Female
636,40,73439,70,Male
637,65,50458,8,Male
638,48,39342,29,Female
639,29,55716,51,Female
640,61,47427,33,Male
641,32,42420,3,Female
642,30,29050,60,Female
643,26,71978,35,Male
644,23,53847,69,Male
645,43,81306,91,Male
646,29,64204,76,Male
647,48,56469,84,Male
648,67,39771,20,Male
649,35,33069,73,Female
650,64,43334,39,Female
651,32,32935,4,Male
652,23,60452,19,Male
653,55,71989,91,Female
654,33,45786,45,Female
655,43,62867,43,Female
656,70,35661,13,Male
657,36,44862,13,Male
658,48,35975,60,Female
659,42,16803,57,Male
660,31,49351,86,Male
661,51,49826,92,Male
662,61,62887,52,Female
663,61,58831,53,Female
664,54,59734,86,Male
665,33,35089,43,Male
666,50,54892,83,Male
667,19,74838,72,Male
668,55,53198,72,Male
669,37,76728,42,Female
670,41,79184,90,Male
671,56,43372,26,Male
672,28,39745,23,Male
673,39,37678,43,Female
674,60,24257,77,Female
675,29,42323,28,Male
676,21,69014,9,Female
677,22,17739,20,Female
678,60,31438,56,Female
679,38,47293,83,Female
680,58,34042,39,Female
681,26,42490,51,Female
682,60,39315,12,Male
683,27,46436,79,Female
684,52,36858,95,Female
685,56,35231,55,Male
686,21,64914,78,Male
687,69,61844,11,Male
688,39,28391,26,Male
689,18,10000,42,Female
690,25,66450,27,Female
691,47,29867,11,Female
692,52,50991,38,Female
693,58,23714,98,Male
694,39,68566,43,Female
695,21,89055,19,Female
696,69,48842,64,Male
697,66,44988,6,Female
698,18,46367,46,Female
699,37,61026,42,Female
700,71,54415,92,Female
701,35,64552,65,Male
702,25,41081,99,Male
703,46,53501,72,Male
704,65,38362,59,Male
705,20,35134,52,Male
706,53,47084,47,Female
707,18,37362,7,Female
708,48,65805,11,Male
709,32,36871,61,Male
710,61,52353,68,Male
711,59,38048,25,Female
712,46,52555,12,Male
713,30,42140,26,Female
714,47,29441,12,Female
715,38,56456,43,Female
716,53,44168,51,Female
717,22,55089,37,Male
718,62,40367,46,Female
719,30,30080,53,Female
720,67,62547,88,Male
721,42,59851,80,Female
722,41,40395,13,Female
723,40,50046,89,Female
724,23,66330,54,Male
725,62,39944,57,Female
726,56,42871,4,Female
727,22,54454,75,Male
728,16,44513,96,Male
729,31,62756,49,Female
730,46,45866,7,Female
731,64,34839,11,Male
732,40,58129,92,Female
733,45,31368,54,Male
734,51,78123,87,Female
735,26,74137,45,Male
736,65,54202,23,Female
737,64,53039,28,Male
738,51,53636,57,Male
739,65,39163,26,Male
740,65,50959,25,Male
741,41,35053,54,Male
742,37,56857,29,Female
743,34,62617,83,Female
744,28,44528,97,Male
745,51,38973,36,Female
746,53,29512,14,Female
747,49,69969,78,Female
748,38,41465,35,Female
749,35,46518,30,Female
750,39,53602,92,Female
751,64,50833,17,Male
752,61,58098,67,Female
753,62,41110,80,Female
754,27,33219,30,Female
755,33,29995,93,Male
756,44,39911,45,Female
757,14,37322,79,Female
758,18,46645,89,Female
759,36,69013,51,Male
760,42,43140,47,Female
761,24,44935,53,Male
762,31,49654,64,Female
763,25,44415,38,Male
764,45,47489,64,Male
765,37,57413,87,Male
766,26,63671,89,Female
767,55,62548,7,Male
768,33,80552,22,Male
769,40,57540,81,Male
770,40,82517,82,Male
771,21,39252,41,Female
772,47,79669,74,Female
773,48,42494,10,Female
774,40,44769,57,Female
775,21,49101,7,Male
776,66,43120,50,Female
777,43,49987,91,Male
778,46,39699,52,Female
779,53,60149,33,Female
780,60,38707,1,Female
781,51,57734,53,Male
782,44,71515,60,Female
783,32,44443,34,Female
784,22,62715,4,Female
785,45,56887,17,Male
786,32,83593,4,Female
787,32,42227,43,Female
788,43,60626,90,Male
789,64,22209,4,Male
790,48,40762,1,Female
791,31,55200,71,Female
792,65,67397,94,Female
793,54,29210,50,Male
794,23,62491,73,Male
795,39,48151,61,Male
796,64,23777,35,Female
797,22,53523,8,Male
798,59,72737,24,Female
799,37,32493,83,Male
800,16,49750,36,Male
801,24,35800,50,Male
802,46,41371,43,Female
803,62,68282,27,Female
804,66,42327,32,Female
805,22,71823,78,Female
806,51,64535,18,Male
807,22,45358,28,Female
808,32,42261,29,Male
809,47,34860,16,Female
810,68,32236,99,Female
811,70,51298,47,Male
812,32,49503,59,Male
813,42,39445,31,Female
814,47,25068,4,Female
815,39,50692,37,Male
816,34,42556,17,Male
817,46,45470,39,Male
818,70,50569,48,Male
819,34,12072,46,Male
820,46,25400,90,Female
821,46,82846,48,Female
822,60,39400,39,Female
823,53,10000,4,Female
824,19,29350,30,Male
825,36,86667,30,Male
826,68,35655,22,Male
827,23,68085,75,Female
828,41,50716,66,Male
829,29,42825,12,Male
830,17,62931,94,Female
831,51,12134,36,Female
832,20,29383,18,Female
833,54,40214,90,Male
834,17,31156,53,Male
835,38,40488,71,Female
836,56,60205,1,Female
837,52,49782,58,Male
838,30,69959,90,Female
839,30,52930,87,Male
840,36,64286,90,Female
841,30,49038,6,Female
842,42,39945,70,Female
843,32,72008,44,Male
844,29,39459,72,Male
845,63,51857,24,Female
846,15,63033,86,Male
847,69,58722,19,Female
848,61,29418,18,Female
849,25,66279,95,Male
850,18,36515,30,Male
851,17,63460,42,Male
852,67,54327,33,Male
853,54,59879,74,Female
854,49,30024,12,Male
855,50,56818,94,Male
856,40,65283,27,Female
857,52,50700,39,Female
858,25,38220,9,Female
859,58,60996,21,Female
860,38,50908,76,Male
861,47,23183,29,Male
862,18,37757,33,Female
863,63,38805,62,Female
864,32,72387,15,Male
865,22,70752,2,Male
866,63,66604,52,Male
867,24,54085,44,Male
868,45,62203,54,Male
869,46,31288,18,Female
870,32,49902,3,Female
871,68,52974,7,Female
872,60,30876,43,Female
873,42,51948,82,Male
874,28,75499,38,Female
875,49,56481,37,Male
876,42,62563,58,Male
877,28,13413,33,Male
878,22,74169,59,Male
879,25,47708,95,Male
880,71,34369,11,Male
881,57,44680,68,Male
882,59,24824,82,Female
883,46,64119,68,Male
884,59,42069,98,Female
885,66,35320,93,Female
886,54,45079,88,Male
887,32,66570,22,Male
888,50,49971,66,Female
889,31,28754,44,Female
890,47,55274,6,Female
891,72,31865,42,Female
892,51,15558,25,Male
893,72,68240,57,Male
894,56,54258,85,Male
895,51,46725,55,Female
896,43,43515,16,Male
897,33,70656,95,Female
898,50,94307,14,Male
899,62,53531,39,Female
900,68,30755,28,Male
901,35,47183,96,Male
902,18,57658,92,Female
903,49,12857,51,Female
904,16,56417,49,Female
905,22,57346,9,Female
906,31,69795,58,Female
907,27,68631,45,Male
908,33,51367,22,Female
909,33,72419,32,Male
910,44,79135,69,Male
911,26,50819,87,Male
912,49,54372,69,Male
913,21,24390,42,Male
914,18,29435,53,Female
915,32,37227,96,Female
916,64,39945,59,Male
917,58,30758,74,Male
918,64,46060,39,Female
919,26,44194,15,Female
920,68,62263,71,Male
921,61,39778,29,Female
922,42,14499,3,Female
923,33,51586,83,Female
924,52,47587,10,Male
925,27,37369,92,Female
926,29,51524,29,Male
927,29,33971,79,Male
928,25,55447,35,Male
929,58,86693,6,Male
930,17,24215,12,Male
931,37,41556,38,Female
932,21,40752,77,Male
933,48,41701,93,Male
934,15,66798,19,Male
935,42,56942,67,Female
936,44,61331,8,Female
937,53,48157,8,Female
938,68,26368,84,Female
939,71,29179,47,Female
940,32,60993,4,Female
941,33,52262,51,Female
942,18,70103,85,Male
943,36,53798,67,Male
944,49,30354,45,Female
945,59,39271,8,Male
946,37,57772,87,Male
947,33,60354,16,Female
948,18,64026,77,Male
949,17,35572,67,Male
950,17,33284,9,Female
951,59,44252,60,Male
952,24,72201,78,Female
953,38,38791,77,Female
954,59,53924,71,Male
955,55,54325,15,Male
956,63,58111,71,Male
957,26,75366,98,Female
958,46,71828,41,Female
959,66,37480,22,Female
960,46,16931,24,Male
961,25,40322,44,Male
962,39,50235,1,Female
963,63,41275,10,Male
964,39,78618,80,Male
965,59,47381,72,Female
966,45,58305,56,Female
967,63,49958,89,Male
968,61,41700,50,Female
969,33,20827,12,Male
970,38,48020,89,Female
971,51,96719,81,Female
972,16,32733,60,Female
973,25,23276,26,Male
974,70,75045,78,Male
975,55,58631,41,Female
976,66,49211,36,Female
977,35,69940,23,Female
978,64,34127,43,Male
979,40,47401,6,Female
980,35,63827,69,Female
981,39,80755,43,Female
982,49,30571,25,Female
983,40,68211,18,Male
984,31,55627,62,Male
985,37,51745,13,Female
986,15,51384,43,Male
987,58,26430,78,Male
988,47,62746,28,Male
989,26,38665,18,Female
990,67,30104,59,Male
991,26,63681,60,Male
992,16,63237,63,Male
993,63,47885,57,Female
994,42,64993,92,Female
995,67,67689,51,Male
996,59,66723,56,Male
997,60,39075,27,Female
998,59,62311,32,Female
999,35,52674,9,Male
1000,54,73488,96,Male
1001,50,46144,84,Female
1002,66,41052,92,Female
1003,31,40693,97,Male
1004,38,52039,68,Female
1005,57,54300,46,Male
1006,41,56189,98,Male
1007,31,55137,67,Male
1008,52,57865,26,Female
1009,38,45861,8,Male
1010,59,34012,6,Male
1011,36,35002,80,Female
1012,47,62925,24,Female
1013,62,53854,48,Male
1014,40,21162,94,Male
1015,34,66051,45,Female
1016,28,78406,13,Female
1017,41,38161,69,Female
1018,43,53742,25,Male
1019,16,44298,20,Male
1020,24,60024,82,Male
1021,17,33809,82,Female
1022,53,46628,66,Male
1023,62,61519,74,Female
1024,38,67735,45,Male
1025,66,52797,47,Female
1026,54,42514,63,Male
1027,68,22310,76,Male
1028,41,37536,77,Female
1029,51,40860,55,Female
1030,67,35833,75,Male
1031,22,51693,19,Female
1032,61,41771,35,Female
1033,70,48581,53,Male
1034,64,64639,26,Female
1035,34,43503,14,Male
1036,60,26256,45,Male
1037,61,36374,44,Female
1038,50,56753,88,Female
1039,19,61269,65,Male
1040,72,51891,51,Male
1041,40,68511,43,Male
1042,54,44804,86,Male
1043,61,77682,23,Male
1044,23,62972,56,Male
1045,50,10147,19,Female
1046,52,74809,82,Female
1047,42,37295,76,Female
1048,34,34088,55,Male
1049,23,58556,92,Female
1050,23,24627,92,Male
1051,67,35867,60,Male
1052,25,73856,59,Female
1053,46,56743,33,Male
1054,31,62083,19,Male
1055,42,38946,28,Male
1056,51,24824,52,Male
1057,45,59102,49,Male
1058,27,64253,37,Male
1059,18,64474,26,Female
1060,65,49636,99,Male
1061,52,33293,98,Male
1062,57,83866,99,Male
1063,49,55296,40,Male
1064,50,45391,80,Female
1065,37,46758,38,Female
1066,51,50143,77,Male
1067,20,67044,87,Male
1068,15,54344,54,Male
1069,35,62377,22,Female
1070,41,51170,16,Female
1071,23,49014,28,Female
1072,21,60518,35,Female
1073,36,58449,60,Male
1074,25,47955,45,Female
1075,70,34761,46,Female
1076,51,53025,72,Male
1077,51,49075,55,Male
1078,71,37576,86,Female
1079,16,38763,85,Female
1080,34,55757,26,Female
1081,30,58251,85,Female
1082,22,45399,25,Male
1083,40,40300,65,Male
1084,68,33746,6,Female
1085,57,53033,23,Female
1086,59,35040,64,Female
1087,17,84917,87,Female
1088,20,44845,43,Female
1089,46,12021,23,Male
1090,20,50547,96,Male
1091,35,48404,30,Male
1092,35,66175,77,Female
1093,47,52621,18,Female
1094,36,36892,87,Male
1095,64,42304,79,Male
1096,31,54811,97,Female
1097,62,14329,21,Male
1098,20,71079,57,Female
1099,43,36232,23,Female
1100,30,71255,91,Male
1101,53,53586,45,Male
1102,52,57243,44,Male
1103,26,67641,82,Female
1104,56,55996,88,Female
1105,28,60293,47,Male
1106,63,44233,40,Female
1107,24,56182,51,Female
1108,50,39187,42,Female
1109,27,45148,7,Male
1110,68,75670,50,Female
1111,31,37777,48,Male
1112,19,53414,84,Male
1113,42,50502,91,Female
1114,24,45938,6,Male
1115,56,55116,91,Female
1116,23,59545,9,Male
1117,29,36212,57,Male
1118,53,49220,31,Female
1119,23,34464,21,Male
1120,37,61128,90,Male
1121,22,53447,40,Male
1122,57,48534,45,Female
1123,21,60785,77,Female
1124,32,45667,49,Male
1125,21,64610,87,Male
1126,23,36473,20,Male
1127,34,70778,92,Female
1128,37,41036,17,Female
1129,50,22557,28,Male
1130,54,42671,41,Female
1131,45,41870,66,Female
1132,45,43458,25,Female
1133,64,50074,58,Female
1134,21,67367,41,Male
1135,56,44524,6,Female
1136,62,36425,75,Female
1137,28,33301,38,Male
1138,28,43177,6,Male
1139,21,22582,45,Female
1140,47,37423,75,Female
1141,30,68660,14,Male
1142,47,35949,66,Male
1143,53,57130,40,Male
1144,16,33002,3,Female
1145,61,73466,99,Female
1146,39,76664,97,Male
1147,48,57065,24,Female
1148,28,80068,19,Male
1149,28,55536,18,Female
1150,61,58427,64,Male
1151,52,66729,88,Male
1152,31,52595,35,Female
1153,49,24814,62,Female
1154,55,59334,1,Female
1155,35,42422,100,Female
1156,50,42037,25,Female
1157,22,55268,45,Female
1158,34,58094,49,Male
1159,26,52652,98,Female
1160,45,58035,89,Male
1161,24,39997,16,Male
1162,45,47859,98,Female
1163,58,59936,93,Male
1164,62,73391,19,Male
1165,43,80596,23,Female
1166,34,56094,83,Female
1167,58,59800,25,Female
1168,28,79923,16,Male
1169,58,37137,54,Female
1170,57,56745,73,Female
1171,29,61625,1,Female
1172,44,70317,42,Female
1173,68,29142,19,Male
1174,52,33708,97,Female
1175,50,48320,34,Male
1176,40,54665,80,Female
1177,30,66842,55,Male
1178,46,56163,18,Male
1179,45,46228,34,Male
1180,30,56246,89,Female
1181,47,52815,45,Male
1182,68,72375,6,Female
1183,14,54084,21,Female
1184,32,44053,70,Female
1185,52,54544,96,Female
1186,60,49977,48,Female
1187,63,23135,39,Male
1188,55,47265,31,Female
1189,69,44588,10,Male
1190,20,42841,30,Male
1191,26,65933,18,Male
1192,22,39014,60,Male
1193,21,57734,88,Male
1194,67,44082,73,Male
1195,26,52015,95,Male
1196,57,53476,15,Female
1197,68,26586,4,Male
1198,29,52974,63,Female
1199,67,80634,40,Male
1200,50,24648,9,Male
1201,53,46835,9,Male
1202,70,62848,26,Male
1203,51,52424,4,Female
1204,52,58119,81,Female
1205,45,12865,16,Female
1206,54,56573,15,Male
1207,45,37074,99,Male
1208,58,51848,52,Male
1209,47,47858,69,Female
1210,52,81974,5,Male
1211,39,57300,20,Female
1212,50,46310,79,Female
1213,19,28454,18,Male
1214,34,51417,2,Male
1215,15,63848,93,Female
1216,24,49391,13,Female
1217,25,42915,4,Female
1218,29,41511,42,Male
1219,51,55927,74,Male
1220,53,59090,61,Male
1221,25,70918,95,Male
1222,50,33075,8,Male
1223,62,54689,67,Male
1224,50,46174,63,Female
1225,65,45116,9,Female
1226,45,54527,94,Female
1227,67,52414,11,Male
1228,30,57931,99,Female
1229,49,32237,42,Male
1230,21,39652,13,Male
1231,21,73188,36,Female
1232,44,45291,13,Male
1233,67,50890,12,Female
1234,20,66819,37,Female
1235,32,56751,74,Male
1236,65,54697,73,Female
1237,15,64918,52,Female
1238,47,16550,71,Female
1239,45,41150,2,Female
1240,66,53429,56,Male
1241,63,67514,60,Female
1242,48,49191,23,Female
1243,48,35529,40,Female
1244,46,36128,64,Male
1245,62,60057,85,Female
1246,43,45433,23,Male
1247,21,50791,29,Female
1248,40,58225,78,Female
1249,25,10000,90,Female
1250,24,80605,51,Male
1251,58,36233,69,Male
1252,58,50829,95,Male
1253,23,25129,89,Male
1254,21,44561,31,Male
1255,35,68170,50,Male
1256,60,18257,20,Female
1257,38,66093,55,Male
1258,67,42194,81,Female
1259,64,53907,2,Male
1260,32,59662,25,Male
1261,47,54921,13,Male
1262,32,36825,92,Female
1263,58,41731,70,Male
1264,32,27876,67,Male
1265,44,55976,58,Female
1266,46,73930,99,Female
1267,60,19633,82,Female
1268,61,35475,75,Female
1269,57,44573,84,Male
1270,30,52600,64,Female
1271,56,60587,69,Male
1272,55,45217,83,Male
1273,66,41660,86,Female
1274,19,67646,59,Male
1275,21,60829,60,Female
1276,58,55284,83,Male
1277,20,52687,62,Female
1278,57,62047,16,Female
1279,61,37055,88,Female
1280,40,37109,68,Female
1281,52,58991,15,Female
1282,21,26524,89,Female
1283,69,47482,55,Male
1284,47,43551,35,Male
1285,29,29013,55,Male
1286,53,33730,14,Female
1287,55,45865,49,Male
1288,41,64409,83,Female
1289,30,40205,100,Male
1290,40,67200,7,Male
1291,22,51747,30,Female
1292,66,66055,83,Male
1293,57,38232,49,Male
1294,36,48667,89,Male
1295,38,54727,16,Female
1296,58,44507,51,Male
1297,57,61595,72,Female
1298,39,15986,82,Male
1299,14,87936,92,Male
1300,68,59066,80,Male
1301,58,44597,83,Male
1302,27,42015,42,Female
1303,38,36203,17,Male
1304,66,56084,63,Female
1305,25,65424,45,Female
1306,27,47862,77,Male
1307,31,66504,7,Male
1308,69,32491,27,Female
1309,41,32642,10,Female
1310,59,74300,34,Male
1311,56,56266,36,Male
1312,72,66752,25,Male
1313,46,35590,6,Male
1314,47,34447,24,Male
1315,29,44720,18,Female
1316,54,35239,87,Male
1317,20,61580,6,Male
1318,21,39633,29,Female
1319,31,32324,25,Male
1320,43,50830,55,Male
1321,49,28750,81,Female
1322,43,21708,46,Male
1323,36,51398,24,Female
1324,58,20961,75,Male
1325,64,58229,26,Male
1326,69,25169,98,Male
1327,45,14889,28,Female
1328,43,44293,3,Female
1329,26,52568,75,Female
1330,69,53472,38,Female
1331,25,53080,61,Male
1332,38,33310,78,Female
1333,54,58295,51,Female
1334,70,60402,90,Female
1335,41,30813,48,Male
1336,60,44284,21,Male
1337,34,45483,54,Female
1338,46,51705,56,Female
1339,41,45826,94,Male
1340,63,45681,59,Female
1341,39,58727,72,Female
1342,62,30092,51,Female
1343,28,61260,20,Female
1344,36,66516,96,Male
1345,37,73812,86,Male
1346,59,14949,59,Male
1347,67,43556,71,Female
1348,37,19823,9,Female
1349,43,12174,1,Male
1350,48,50361,29,Male
1351,60,41012,63,Male
1352,67,50797,72,Female
1353,27,57591,56,Male
1354,22,69518,68,Female
1355,46,49208,35,Female
1356,27,94150,3,Male
1357,42,53396,7,Male
1358,39,76737,27,Female
1359,66,11407,1,Male
1360,32,70046,91,Male
1361,52,45088,80,Female
1362,44,19374,71,Female
1363,48,54508,44,Female
1364,66,41855,87,Female
1365,61,55600,41,Female
1366,41,64066,75,Male
1367,45,26162,42,Female
1368,30,65223,33,Female
1369,52,47897,50,Female
1370,35,69792,63,Male
1371,35,46422,100,Female
1372,14,44543,37,Female
1373,28,50605,59,Female
1374,68,47727,81,Male
1375,62,36858,99,Female
1376,70,38555,48,Female
1377,18,32796,5,Female
1378,43,42180,48,Male
1379,62,56944,96,Male
1380,67,44239,3,Male
1381,51,63035,47,Male
1382,51,45118,62,Female
1383,69,24627,99,Female
1384,18,60159,14,Male
1385,21,40795,63,Male
1386,24,47099,61,Female
1387,48,66763,31,Female
1388,56,29986,95,Male
1389,24,53071,17,Male
1390,51,47292,24,Male
1391,24,61113,23,Male
1392,24,63427,82,Female
1393,35,53457,50,Male
1394,67,40894,78,Male
1395,48,55300,79,Female
1396,52,67834,79,Female
1397,44,48190,70,Female
1398,47,44291,27,Female
1399,45,54322,15,Female
1400,65,47080,50,Male
1401,28,30134,36,Male
1402,41,52489,8,Male
1403,23,30498,79,Female
1404,16,57017,3,Male
1405,24,38642,62,Female
1406,44,49153,47,Male
1407,37,55158,77,Male
1408,21,87708,98,Female
1409,67,57441,88,Female
1410,57,67771,96,Male
1411,15,79576,61,Male
1412,68,53538,32,Male
1413,54,51885,94,Male
1414,47,32299,13,Male
1415,61,45150,1,Female
1416,28,39353,34,Female
1417,47,42284,62,Female
1418,52,75859,79,Female
1419,44,50319,78,Male
1420,42,35661,93,Male
1421,28,70818,98,Female
1422,50,62329,82,Male
1423,61,62014,71,Female
1424,63,16608,93,Male
1425,32,79030,31,Male
1426,18,42822,64,Male
1427,71,57569,25,Female
1428,54,85456,38,Female
1429,34,81929,14,Female
1430,28,35536,8,Female
1431,50,26332,91,Male
1432,69,67555,54,Male
1433,36,51530,2,Male
1434,28,42686,81,Male
1435,27,59618,78,Female
1436,19,48656,89,Male
1437,53,58219,56,Male
1438,37,50304,94,Male
1439,37,60135,93,Female
1440,37,35882,84,Female
1441,66,67766,85,Female
1442,33,60164,61,Male
1443,51,57594,22,Female
1444,50,31234,35,Male
1445,36,74894,16,Male
1446,21,50694,50,Male
1447,14,62520,43,Female
1448,67,41457,17,Female
1449,23,54613,80,Male
1450,39,53556,58,Male
1451,28,10000,2,Female
1452,59,55836,4,Female
1453,22,80280,85,Female
1454,18,59296,39,Male
1455,39,34734,98,Male
1456,32,59549,94,Male
1457,32,65692,6,Female
1458,20,58686,81,Female
1459,55,46388,89,Female
1460,58,43567,69,Male
1461,51,44205,69,Male
1462,26,60866,20,Female
1463,53,26593,64,Male
1464,64,41021,16,Female
1465,56,71334,51,Male
1466,67,70812,37,Female
1467,34,27427,73,Male
1468,63,29728,69,Male
1469,37,45240,42,Female
1470,29,63488,57,Female
1471,28,22787,66,Female
1472,51,47077,9,Female
1473,66,39287,100,Female
1474,43,68589,86,Male
1475,46,23246,64,Female
1476,34,50988,86,Female
1477,68,40295,22,Female
1478,72,67846,34,Male
1479,37,58264,55,Female
1480,27,41512,29,Female
1481,28,63000,38,Female
1482,58,41367,97,Male
1483,17,66289,18,Male
1484,58,43643,71,Female
1485,44,64419,65,Male
1486,55,54041,97,Female
1487,26,99307,1,Male
1488,40,48206,88,Female
1489,64,52342,4,Male
1490,58,40008,4,Female
1491,23,50740,82,Female
1492,41,10000,27,Male
1493,49,55083,43,Female
1494,57,67443,59,Female
1495,47,54249,32,Female
1496,40,29292,33,Female
1497,58,35173,28,Male
1498,23,14247,55,Female
1499,21,65583,100,Male
1500,37,34202,60,Male
1501,42,48369,70,Male
1502,58,44893,62,Male
1503,56,69715,80,Female
1504,58,48479,34,Female
1505,50,60133,87,Male
1506,51,56096,88,Female
1507,34,69991,56,Male
1508,54,44013,13,Female
1509,44,76644,56,Female
1510,55,17715,18,Female
1511,28,63062,54,Male
1512,36,36400,77,Male
1513,57,39908,43,Female
1514,43,57241,39,Male
1515,37,57721,61,Male
1516,48,57296,42,Female
1517,46,27607,81,Male
1518,19,72835,79,Female
1519,45,34990,18,Female
1520,61,35390,23,Female
1521,55,57068,54,Male
1522,25,46199,30,Female
1523,57,51923,98,Female
1524,23,18350,58,Male
1525,22,55064,68,Male
1526,57,50567,67,Male
1527,29,42452,71,Male
1528,43,17588,18,Female
1529,41,45707,7,Male
1530,49,47539,40,Male
1531,58,41691,70,Male
1532,18,23657,86,Male
1533,63,70621,65,Female
1534,21,41317,68,Male
1535,63,43366,49,Female
1536,55,11357,52,Male
1537,63,70622,29,Female
1538,45,41501,21,Female
1539,41,50376,90,Male
1540,37,66111,78,Female
1541,30,39855,9,Male
1542,57,61748,47,Female
1543,31,18980,76,Female
1544,48,56464,42,Female
1545,69,69683,51,Male
1546,51,39193,56,Female
1547,61,63683,51,Male
1548,56,74908,70,Female
1549,48,44377,20,Female
1550,59,42037,88,Female
1551,38,35725,27,Female
1552,35,41854,38,Female
1553,18,38969,72,Female
1554,53,34213,65,Male
1555,55,65482,54,Male
1556,59,35251,24,Male
1557,35,53377,47,Female
1558,31,50473,71,Male
1559,47,70771,83,Female
1560,67,38752,86,Male
1561,56,53117,63,Male
1562,31,61766,57,Female
1563,65,68846,55,Female
1564,56,39633,60,Male
1565,49,38831,99,Male
1566,21,34973,62,Male
1567,39,82644,30,Male
1568,18,71967,93,Female
1569,30,49366,22,Male
1570,21,79871,75,Female
1571,58,45672,84,Female
1572,32,60666,29,Male
1573,18,51352,41,Female
1574,44,54567,42,Male
1575,60,51376,98,Female
1576,53,41325,65,Female
1577,54,63987,31,Male
1578,44,59339,30,Female
1579,58,62615,18,Female
1580,55,52303,17,Male
1581,20,37401,38,Female
1582,62,72440,14,Female
1583,57,43361,87,Male
1584,58,52661,89,Male
1585,61,56430,79,Female
1586,72,51161,56,Female
1587,51,61631,22,Female
1588,58,63300,67,Male
1589,48,44827,56,Female
1590,28,74582,19,Female
1591,35,45496,57,Female
1592,58,52251,44,Female
1593,62,40984,98,Female
1594,64,36497,35,Female
1595,32,65462,1,Male
1596,28,97028,52,Male
1597,69,40673,85,Female
1598,62,65029,93,Female
1599,27,45411,70,Male
1600,33,49542,37,Male
1601,41,75263,65,Male
1602,37,33196,51,Female
1603,20,30927,1,Female
1604,45,47192,91,Female
1605,41,58854,21,Female
1606,34,56554,53,Male
1607,40,54410,16,Male
1608,53,48211,61,Male
1609,30,61798,54,Male
1610,22,10000,40,Female
1611,20,39737,26,Female
1612,39,47695,80,Male
1613,33,60268,92,Male
1614,41,71246,65,Male
1615,33,36423,100,Male
1616,35,71356,74,Male
1617,41,42111,64,Female
1618,55,45551,43,Female
1619,66,55121,17,Male
1620,38,46151,59,Male
1621,68,62851,23,Male
1622,49,42030,7,Female
1623,28,44356,44,Female
1624,37,65079,53,Female
1625,26,38953,71,Male
1626,29,53833,79,Female
1627,38,24292,34,Male
1628,42,76094,46,Female
1629,34,67698,68,Female
1630,34,90851,78,Female
1631,26,70475,78,Male
1632,31,32955,16,Male
1633,31,59929,71,Female
1634,27,36529,96,Male
1635,22,74470,19,Male
1636,72,29282,2,Male
1637,67,29062,10,Male
1638,29,25952,50,Male
1639,70,38674,81,Male
1640,35,39157,12,Male
1641,47,29375,70,Female
1642,37,79147,22,Male
1643,45,56448,32,Male
1644,45,54683,84,Female
1645,66,70237,1,Female
1646,57,51143,54,Female
1647,55,36269,58,Female
1648,32,24296,70,Male
1649,59,35024,83,Female
1650,58,69781,18,Female
1651,34,30769,6,Male
1652,27,55596,45,Male
1653,49,63608,97,Male
1654,37,53580,23,Female
1655,48,54184,23,Male
1656,57,57134,26,Female
1657,57,52989,77,Male
1658,46,72536,7,Male
1659,21,35295,79,Female
1660,53,51306,44,Male
1661,57,20026,27,Male
1662,52,16693,26,Male
1663,47,47074,97,Male
1664,40,57150,79,Male
1665,56,71860,36,Female
1666,59,83396,55,Female
1667,28,69997,64,Male
1668,61,57807,91,Female
1669,22,53199,57,Female
1670,46,25431,69,Female
1671,39,46909,61,Male
1672,41,68255,2,Male
1673,28,63674,55,Male
1674,33,30404,97,Female
1675,47,57510,80,Female
1676,37,57225,87,Male
1677,64,51848,38,Male
1678,60,46582,80,Female
1679,64,56583,78,Female
1680,14,62059,29,Male
1681,53,38078,26,Female
1682,63,53525,35,Female
1683,49,45259,79,Female
1684,48,25891,67,Female
1685,25,42075,87,Female
1686,29,26644,29,Female
1687,32,64501,34,Female
1688,48,53538,97,Male
1689,47,42967,41,Male
1690,48,69507,41,Female
1691,54,48619,23,Female
1692,60,25531,71,Female
1693,64,40007,3,Male
1694,50,72492,58,Male
1695,68,36157,32,Female
1696,45,52628,31,Male
1697,59,58258,82,Female
1698,37,58149,43,Female
1699,60,83741,7,Female
1700,62,29155,1,Female
1701,24,34453,61,Female
1702,46,31003,14,Female
1703,40,44561,52,Female
1704,51,64390,96,Male
1705,34,34123,6,Female
1706,26,67100,10,Male
1707,22,51326,71,Female
1708,49,31465,90,Female
1709,67,20029,98,Male
1710,16,28486,30,Male
1711,57,37312,100,Female
1712,28,47662,21,Male
1713,46,68590,60,Female
1714,71,57886,81,Female
1715,16,38815,97,Male
1716,32,55929,74,Male
1717,51,72673,63,Male
1718,41,77008,42,Male
1719,62,42083,51,Female
1720,21,65274,64,Male
1721,58,68049,76,Male
1722,30,27393,56,Male
1723,30,42313,80,Male
1724,36,82700,41,Male
1725,64,42084,32,Female
1726,36,10000,15,Female
1727,17,49485,62,Male
1728,24,67469,27,Male
1729,54,47697,28,Female
1730,51,58630,81,Male
1731,61,60973,64,Female
1732,22,45475,59,Female
1733,59,39309,58,Male
1734,64,48901,2,Female
1735,39,51766,36,Male
1736,27,51111,71,Male
1737,29,51527,13,Female
1738,50,36771,15,Female
1739,46,59654,89,Male
1740,27,59288,87,Female
1741,73,25659,60,Male
1742,18,45362,22,Female
1743,25,51896,63,Female
1744,39,41085,90,Male
1745,49,57660,97,Male
1746,69,45096,75,Male
1747,59,49636,74,Female
1748,58,41189,25,Male
1749,25,20601,48,Male
1750,60,16244,43,Female
1751,48,57044,38,Female
1752,38,53203,41,Male
1753,58,53779,45,Male
1754,61,48917,88,Male
1755,23,53918,40,Male
1756,18,65735,97,Female
1757,22,57469,17,Female
1758,17,66913,88,Male
1759,65,49071,57,Male
1760,37,44794,2,Male
1761,66,49313,96,Female
1762,27,37757,62,Male
1763,47,42602,88,Male
1764,32,52463,9,Female
1765,65,48964,68,Female
1766,59,45503,81,Male
1767,55,26677,17,Male
1768,62,56346,50,Female
1769,33,62213,94,Male
1770,38,73855,40,Male
1771,43,55326,58,Female
1772,24,50621,75,Female
1773,52,32604,85,Female
1774,49,70480,21,Male
1775,51,51617,18,Female
1776,28,53100,55,Female
1777,60,43189,29,Male
1778,37,44530,24,Male
1779,23,61024,74,Female
1780,22,35478,17,Female
1781,26,74781,18,Male
1782,50,69112,42,Male
1783,46,43089,84,Female
1784,30,37042,45,Female
1785,57,17071,82,Male
1786,22,32028,17,Female
1787,42,59748,73,Male
1788,47,53030,14,Female
1789,28,57604,49,Male
1790,20,23316,29,Male
1791,43,42762,95,Female
1792,47,68809,4,Female
1793,31,48459,82,Male
1794,58,28115,20,Female
1795,27,48625,47,Female
1796,27,38734,9,Female
1797,56,52405,77,Male
1798,37,49608,79,Female
1799,24,58749,27,Female
1800,26,32131,15,Male
1801,49,41369,92,Female
1802,37,65656,19,Female
1803,31,29585,90,Male
1804,50,32953,52,Male
1805,28,53189,26,Female
1806,21,55200,89,Female
1807,65,39167,26,Male
1808,39,44923,26,Male
1809,39,57098,46,Female
1810,27,63044,92,Female
1811,49,32061,49,Female
1812,63,52164,82,Male
1813,31,72580,96,Female
1814,45,46761,53,Male
1815,26,34202,3,Male
1816,25,33608,66,Male
1817,29,47688,97,Female
1818,69,61637,42,Female
1819,55,46888,19,Female
1820,61,49738,17,Male
1821,50,33054,33,Female
1822,48,62946,76,Male
1823,72,28615,49,Male
1824,21,43332,56,Male
1825,53,57148,63,Male
1826,49,17508,3,Male
1827,61,49509,49,Male
1828,39,33513,55,Female
1829,34,49848,26,Male
1830,65,41219,99,Female
1831,47,79887,72,Male
1832,20,45103,52,Female
1833,45,76139,100,Female
1834,39,57904,7,Female
1835,37,37278,46,Female
1836,54,52562,46,Male
1837,47,43733,100,Male
1838,46,52032,16,Male
1839,62,36091,24,Male
1840,54,72952,61,Female
1841,25,64380,54,Female
1842,56,47876,62,Female
1843,64,72536,1,Male
1844,45,49614,49,Female
1845,55,63964,25,Male
1846,54,48174,10,Female
1847,43,54608,80,Female
1848,52,46578,16,Female
1849,27,51729,58,Female
1850,22,53357,72,Female
1851,55,37454,29,Male
1852,61,40883,92,Female
1853,69,42848,6,Male
1854,46,51845,16,Male
1855,42,48341,20,Male
1856,63,64295,80,Male
1857,26,63106,71,Male
1858,52,44855,78,Male
1859,63,67426,43,Male
1860,50,76095,26,Male
1861,51,17242,90,Female
1862,44,62584,78,Female
1863,32,39405,71,Male
1864,51,59911,33,Male
1865,23,69273,26,Male
1866,34,36445,45,Female
1867,34,21815,84,Female
1868,46,60931,63,Male
1869,24,52631,67,Male
1870,59,22073,52,Female
1871,19,89043,68,Female
1872,47,57666,26,Male
1873,28,60251,75,Male
1874,60,67487,2,Male
1875,45,39787,14,Male
1876,63,48656,30,Female
1877,54,27810,49,Female
1878,38,40080,12,Male
1879,59,52884,90,Male
1880,46,23420,44,Male
1881,53,38155,33,Female
1882,36,35480,13,Male
1883,61,49031,78,Male
1884,55,56120,88,Male
1885,60,58132,98,Female
1886,21,65882,26,Male
1887,36,69981,21,Female
1888,51,57008,28,Male
1889,26,78710,48,Male
1890,24,52392,100,Male
1891,57,44700,40,Female
1892,50,57109,66,Male
1893,46,45153,73,Male
1894,46,76188,87,Female
1895,34,66564,79,Female
1896,49,59354,77,Female
1897,57,49271,23,Male
1898,46,42287,81,Female
1899,39,59619,48,Male
1900,17,34393,2,Female
1901,34,72615,84,Female
1902,47,45635,20,Female
1903,51,52476,59,Male
1904,69,32455,46,Male
1905,16,62244,3,Male
1906,48,41393,55,Male
1907,32,59538,12,Male
1908,27,61660,40,Male
1909,34,39885,66,Male
1910,31,33047,100,Male
1911,26,73378,78,Male
1912,18,48315,16,Female
1913,42,52172,83,Female
1914,46,55681,34,Male
1915,38,30394,44,Male
1916,62,53739,6,Male
1917,34,51086,77,Male
1918,66,36747,64,Female
1919,42,31451,100,Female
1920,24,59688,22,Male
1921,48,65115,18,Female
1922,52,50478,12,Female
1923,72,24283,52,Male
1924,30,34140,94,Male
1925,23,44218,51,Male
1926,42,72269,71,Male
1927,23,46998,96,Female
1928,46,41371,48,Male
1929,18,26097,19,Female
1930,61,37049,6,Male
1931,32,31305,84,Female
1932,51,32852,27,Male
1933,65,48299,53,Male
1934,32,43782,48,Female
1935,43,74192,7,Female
1936,47,64470,59,Female
1937,50,38866,69,Male
1938,64,32847,11,Female
1939,53,68439,15,Female
1940,43,73600,64,Female
1941,17,18386,3,Female
1942,30,51392,69,Female
1943,51,44121,23,Female
1944,25,60236,53,Female
1945,54,76740,37,Female
1946,59,39839,9,Female
1947,33,18789,15,Male
1948,46,57085,3,Male
1949,49,68949,93,Female
1950,29,45543,70,Male
1951,68,35624,17,Male
1952,52,41241,26,Female
1953,19,63853,21,Female
1954,64,39783,72,Female
1955,29,55031,21,Female
1956,32,50217,11,Female
1957,38,48069,38,Female
1958,31,60419,72,Male
1959,46,41221,88,Female
1960,22,44341,35,Male
1961,33,61664,14,Female
1962,64,31796,14,Female
1963,42,35596,10,Male
1964,43,29795,12,Female
1965,33,62435,38,Female
1966,67,44721,34,Male
1967,33,29995,41,Female
1968,50,60807,10,Male
1969,39,40766,17,Female
1970,26,37324,17,Female
1971,39,46164,67,Male
1972,18,73380,62,Female
1973,16,45475,95,Male
1974,19,59730,1,Male
1975,53,58606,12,Male
1976,27,56949,4,Female
1977,53,66766,42,Female
1978,48,37593,13,Male
1979,63,31049,98,Female
1980,41,32955,85,Female
1981,38,47032,86,Female
1982,30,35794,4,Male
1983,36,51613,82,Female
1984,28,51354,69,Male
1985,62,62078,19,Female
1986,33,54067,2,Female
1987,48,41957,12,Male
1988,28,56362,81,Female
1989,66,30947,74,Male
1990,38,48627,98,Female
1991,35,54291,6,Male
1992,45,50439,8,Female
1993,25,56725,51,Female
1994,27,40639,11,Female
1995,45,65780,63,Male
1996,63,74032,57,Male
1997,65,22459,12,Male
1998,64,28366,73,Female
1999,27,50946,2,Male
2000,18,47351,8,Male
